{
  "project_info": {
    "project_number": "1044698959974",
    "firebase_url": "https://autosparenew.firebaseio.com",
    "project_id": "autosparenew",
    "storage_bucket": "autosparenew.appspot.com"
  },
  "client": [
    {
      "client_info": {
        "mobilesdk_app_id": "1:1044698959974:android:9e15fe50f15b1b71",
        "android_client_info": {
          "package_name": "com.example.autospare_final"
        }
      },
      "oauth_client": [
        {
          "client_id": "1044698959974-lj8nq16nkjjf637p8g8k1vu89sa3mjje.apps.googleusercontent.com",
          "client_type": 1,
          "android_info": {
            "package_name": "com.example.autospare_final",
            "certificate_hash": "ffcdfae3ed14a6f39488f50865239005a07ac8ad"
          }
        },
        {
          "client_id": "1044698959974-4spek6q2fdoekeeevd1eieqcr2dptjrt.apps.googleusercontent.com",
          "client_type": 3
        }
      ],
      "api_key": [
        {
          "current_key": "AIzaSyD7PkRgsrXbfJtiJevVni34xXtE0JJEiQs"
        }
      ],
      "services": {
        "analytics_service": {
          "status": 1
        },
        "appinvite_service": {
          "status": 2,
          "other_platform_oauth_client": [
            {
              "client_id": "1044698959974-4spek6q2fdoekeeevd1eieqcr2dptjrt.apps.googleusercontent.com",
              "client_type": 3
            }
          ]
        },
        "ads_service": {
          "status": 2
        }
      }
    }
  ],
  "configuration_version": "1"
}